-- MySQL dump 10.13  Distrib 8.0.36, for Win64 (x86_64)
--
-- Host: localhost    Database: studentmanagement
-- ------------------------------------------------------
-- Server version	8.0.36

/*!40101 SET @OLD_CHARACTER_SET_CLIENT=@@CHARACTER_SET_CLIENT */;
/*!40101 SET @OLD_CHARACTER_SET_RESULTS=@@CHARACTER_SET_RESULTS */;
/*!40101 SET @OLD_COLLATION_CONNECTION=@@COLLATION_CONNECTION */;
/*!50503 SET NAMES utf8mb4 */;
/*!40103 SET @OLD_TIME_ZONE=@@TIME_ZONE */;
/*!40103 SET TIME_ZONE='+00:00' */;
/*!40014 SET @OLD_UNIQUE_CHECKS=@@UNIQUE_CHECKS, UNIQUE_CHECKS=0 */;
/*!40014 SET @OLD_FOREIGN_KEY_CHECKS=@@FOREIGN_KEY_CHECKS, FOREIGN_KEY_CHECKS=0 */;
/*!40101 SET @OLD_SQL_MODE=@@SQL_MODE, SQL_MODE='NO_AUTO_VALUE_ON_ZERO' */;
/*!40111 SET @OLD_SQL_NOTES=@@SQL_NOTES, SQL_NOTES=0 */;

--
-- Table structure for table `course`
--

DROP TABLE IF EXISTS `course`;
/*!40101 SET @saved_cs_client     = @@character_set_client */;
/*!50503 SET character_set_client = utf8mb4 */;
CREATE TABLE `course` (
  `course_id` int NOT NULL,
  `course_name` varchar(100) DEFAULT NULL,
  `credits` int DEFAULT NULL,
  PRIMARY KEY (`course_id`)
) ENGINE=InnoDB DEFAULT CHARSET=utf8mb4 COLLATE=utf8mb4_0900_ai_ci;
/*!40101 SET character_set_client = @saved_cs_client */;

--
-- Dumping data for table `course`
--

LOCK TABLES `course` WRITE;
/*!40000 ALTER TABLE `course` DISABLE KEYS */;
INSERT INTO `course` VALUES (201,'ÈÅìÂæ∑‰∏éÊ≥ïÊ≤ª',3),(202,'Â∫îÁî®Êï∞Â≠¶',4),(203,'Â∫îÁî®ÂøÉÁêÜÂ≠¶',5),(204,'Êï∞ÊçÆÁªìÊûÑ',4),(205,'Ëâ∫ÊúØÈâ¥Ëµè',3),(206,'Ë•øÊñπÂπªÊÉ≥ÊñáÂ≠¶',5),(207,'Èó®ÁöÑËâ∫ÊúØ',3),(208,'ÁîüÁâ©Êï∞Â≠¶',2),(209,'ÊàèÂâß‰∏éË°®Êºî',4);
/*!40000 ALTER TABLE `course` ENABLE KEYS */;
UNLOCK TABLES;

--
-- Table structure for table `grade`
--

DROP TABLE IF EXISTS `grade`;
/*!40101 SET @saved_cs_client     = @@character_set_client */;
/*!50503 SET character_set_client = utf8mb4 */;
CREATE TABLE `grade` (
  `grade_id` int NOT NULL AUTO_INCREMENT,
  `student_id` int DEFAULT NULL,
  `student_name` varchar(100) DEFAULT NULL,
  `course_id` int DEFAULT NULL,
  `course_name` varchar(100) DEFAULT NULL,
  `grade` varchar(2) DEFAULT NULL,
  PRIMARY KEY (`grade_id`),
  KEY `fk_grade_course_id` (`course_id`),
  KEY `fk_grade_student_id` (`student_id`),
  CONSTRAINT `fk_grade_course_id` FOREIGN KEY (`course_id`) REFERENCES `course` (`course_id`) ON DELETE CASCADE ON UPDATE CASCADE,
  CONSTRAINT `fk_grade_student_id` FOREIGN KEY (`student_id`) REFERENCES `student` (`student_id`) ON DELETE CASCADE ON UPDATE CASCADE
) ENGINE=InnoDB AUTO_INCREMENT=320 DEFAULT CHARSET=utf8mb4 COLLATE=utf8mb4_0900_ai_ci;
/*!40101 SET character_set_client = @saved_cs_client */;

--
-- Dumping data for table `grade`
--

LOCK TABLES `grade` WRITE;
/*!40000 ALTER TABLE `grade` DISABLE KEYS */;
INSERT INTO `grade` VALUES (3,7,'Á•ùÁõü',201,'ÈÅìÂæ∑‰∏éÊ≥ïÊ≤ª','A'),(5,7,'Á•ùÁõü',205,'Ëâ∫ÊúØÈâ¥Ëµè','C'),(6,6,'ÈòÆÁôΩÊ¥Å',206,'Ë•øÊñπÂπªÊÉ≥ÊñáÂ≠¶','B'),(10,4,'‰ΩôÊûóÊûó',202,'Â∫îÁî®Êï∞Â≠¶','B'),(11,4,'‰ΩôÊûóÊûó',201,'ÈÅìÂæ∑‰∏éÊ≥ïÊ≤ª','B'),(12,6,'ÈòÆÁôΩÊ¥Å',207,'Èó®ÁöÑËâ∫ÊúØ','A'),(13,4,'‰ΩôÊûóÊûó',206,'Ë•øÊñπÂπªÊÉ≥ÊñáÂ≠¶','A'),(14,7,'Á•ùÁõü',207,'Èó®ÁöÑËâ∫ÊúØ','B'),(15,6,'ÈòÆÁôΩÊ¥Å',201,'ÈÅìÂæ∑‰∏éÊ≥ïÊ≤ª','C'),(19,2,'Âáå‰πÖÊó∂',201,'ÈÅìÂæ∑‰∏éÊ≥ïÊ≤ª','C'),(20,1,'ÈòÆÊæúÁÉõ',201,'ÈÅìÂæ∑‰∏éÊ≥ïÊ≤ª','A'),(23,7,'Á•ùÁõü',203,'Â∫îÁî®ÂøÉÁêÜÂ≠¶','A'),(24,7,'Á•ùÁõü',204,'Êï∞ÊçÆÁªìÊûÑ','B'),(25,1,'ÈòÆÊæúÁÉõ',207,'Èó®ÁöÑËâ∫ÊúØ','C'),(26,1,'ÈòÆÊæúÁÉõ',206,'Ë•øÊñπÂπªÊÉ≥ÊñáÂ≠¶','B'),(27,1,'ÈòÆÊæúÁÉõ',205,'Ëâ∫ÊúØÈâ¥Ëµè','A'),(28,2,'Âáå‰πÖÊó∂',205,'Ëâ∫ÊúØÈâ¥Ëµè','A'),(29,2,'Âáå‰πÖÊó∂',204,'Êï∞ÊçÆÁªìÊûÑ','A'),(30,3,'Ë∞≠Êó©Êó©',207,'Èó®ÁöÑËâ∫ÊúØ','A'),(31,3,'Ë∞≠Êó©Êó©',206,'Ë•øÊñπÂπªÊÉ≥ÊñáÂ≠¶','A'),(32,1,'ÈòÆÊæúÁÉõ',209,'ÊàèÂâß‰∏éË°®Êºî','A'),(33,3,'Ë∞≠Êó©Êó©',209,'ÊàèÂâß‰∏éË°®Êºî','A'),(34,1,'ÈòÆÊæúÁÉõ',204,'Êï∞ÊçÆÁªìÊûÑ','B');
/*!40000 ALTER TABLE `grade` ENABLE KEYS */;
UNLOCK TABLES;
/*!50003 SET @saved_cs_client      = @@character_set_client */ ;
/*!50003 SET @saved_cs_results     = @@character_set_results */ ;
/*!50003 SET @saved_col_connection = @@collation_connection */ ;
/*!50003 SET character_set_client  = gbk */ ;
/*!50003 SET character_set_results = gbk */ ;
/*!50003 SET collation_connection  = gbk_chinese_ci */ ;
/*!50003 SET @saved_sql_mode       = @@sql_mode */ ;
/*!50003 SET sql_mode              = 'ONLY_FULL_GROUP_BY,STRICT_TRANS_TABLES,NO_ZERO_IN_DATE,NO_ZERO_DATE,ERROR_FOR_DIVISION_BY_ZERO,NO_ENGINE_SUBSTITUTION' */ ;
DELIMITER ;;
/*!50003 CREATE*/ /*!50017 DEFINER=`root`@`localhost`*/ /*!50003 TRIGGER `check_unique_grade` BEFORE INSERT ON `grade` FOR EACH ROW BEGIN
    DECLARE student_count INT;
    DECLARE course_count INT;
    
    
    SELECT COUNT(*) INTO student_count FROM Grade WHERE student_id = NEW.student_id AND course_id = NEW.course_id;
    
    
    SELECT COUNT(*) INTO course_count FROM Grade WHERE course_id = NEW.course_id AND student_id = NEW.student_id;

    IF student_count > 0 OR course_count > 0 THEN
        SIGNAL SQLSTATE '45000'
        SET MESSAGE_TEXT = '√ø∏ˆ—ß…˙√ø√≈øŒ÷¡∂‡”–“ªÃıº«¬º£¨≤Â»Î ß∞‹.';
    END IF;
END */;;
DELIMITER ;
/*!50003 SET sql_mode              = @saved_sql_mode */ ;
/*!50003 SET character_set_client  = @saved_cs_client */ ;
/*!50003 SET character_set_results = @saved_cs_results */ ;
/*!50003 SET collation_connection  = @saved_col_connection */ ;

--
-- Table structure for table `major`
--

DROP TABLE IF EXISTS `major`;
/*!40101 SET @saved_cs_client     = @@character_set_client */;
/*!50503 SET character_set_client = utf8mb4 */;
CREATE TABLE `major` (
  `major_id` int NOT NULL,
  `major_name` varchar(100) DEFAULT NULL,
  `department` varchar(100) DEFAULT NULL,
  PRIMARY KEY (`major_id`)
) ENGINE=InnoDB DEFAULT CHARSET=utf8mb4 COLLATE=utf8mb4_0900_ai_ci;
/*!40101 SET character_set_client = @saved_cs_client */;

--
-- Dumping data for table `major`
--

LOCK TABLES `major` WRITE;
/*!40000 ALTER TABLE `major` DISABLE KEYS */;
INSERT INTO `major` VALUES (101,'ËÆ°ÁÆóÊú∫ÁßëÂ≠¶‰∏éÊäÄÊúØ','Â∑•Á®ãÂ≠¶Èô¢'),(102,'Êï∞Â≠¶‰∏éÂ∫îÁî®Êï∞Â≠¶','ÁêÜÂ≠¶Èô¢'),(103,'Â∫îÁî®ÂøÉÁêÜÂ≠¶','ÂøÉÁêÜÂ≠¶Èô¢');
/*!40000 ALTER TABLE `major` ENABLE KEYS */;
UNLOCK TABLES;

--
-- Table structure for table `student`
--

DROP TABLE IF EXISTS `student`;
/*!40101 SET @saved_cs_client     = @@character_set_client */;
/*!50503 SET character_set_client = utf8mb4 */;
CREATE TABLE `student` (
  `student_id` int NOT NULL,
  `name` varchar(100) DEFAULT NULL,
  `gender` char(1) DEFAULT NULL,
  `date_of_birth` date DEFAULT NULL,
  `major_id` int DEFAULT NULL,
  PRIMARY KEY (`student_id`),
  KEY `major_id` (`major_id`),
  CONSTRAINT `student_ibfk_1` FOREIGN KEY (`major_id`) REFERENCES `major` (`major_id`)
) ENGINE=InnoDB DEFAULT CHARSET=utf8mb4 COLLATE=utf8mb4_0900_ai_ci;
/*!40101 SET character_set_client = @saved_cs_client */;

--
-- Dumping data for table `student`
--

LOCK TABLES `student` WRITE;
/*!40000 ALTER TABLE `student` DISABLE KEYS */;
INSERT INTO `student` VALUES (1,'ÈòÆÊæúÁÉõ','Áî∑','2002-01-15',102),(2,'Âáå‰πÖÊó∂','Áî∑','2003-03-25',102),(3,'Ë∞≠Êó©Êó©','Â•≥','2001-09-05',102),(4,'‰ΩôÊûóÊûó','Â•≥','2002-06-20',102),(6,'ÈòÆÁôΩÊ¥Å','Â•≥','2003-08-25',102),(7,'Á•ùÁõü','Áî∑','2000-12-10',102);
/*!40000 ALTER TABLE `student` ENABLE KEYS */;
UNLOCK TABLES;
/*!50003 SET @saved_cs_client      = @@character_set_client */ ;
/*!50003 SET @saved_cs_results     = @@character_set_results */ ;
/*!50003 SET @saved_col_connection = @@collation_connection */ ;
/*!50003 SET character_set_client  = gbk */ ;
/*!50003 SET character_set_results = gbk */ ;
/*!50003 SET collation_connection  = gbk_chinese_ci */ ;
/*!50003 SET @saved_sql_mode       = @@sql_mode */ ;
/*!50003 SET sql_mode              = 'ONLY_FULL_GROUP_BY,STRICT_TRANS_TABLES,NO_ZERO_IN_DATE,NO_ZERO_DATE,ERROR_FOR_DIVISION_BY_ZERO,NO_ENGINE_SUBSTITUTION' */ ;
DELIMITER ;;
/*!50003 CREATE*/ /*!50017 DEFINER=`root`@`localhost`*/ /*!50003 TRIGGER `update_grade_name` AFTER UPDATE ON `student` FOR EACH ROW BEGIN
    UPDATE Grade SET student_name = NEW.name WHERE student_id = NEW.student_id;
END */;;
DELIMITER ;
/*!50003 SET sql_mode              = @saved_sql_mode */ ;
/*!50003 SET character_set_client  = @saved_cs_client */ ;
/*!50003 SET character_set_results = @saved_cs_results */ ;
/*!50003 SET collation_connection  = @saved_col_connection */ ;
/*!50003 SET @saved_cs_client      = @@character_set_client */ ;
/*!50003 SET @saved_cs_results     = @@character_set_results */ ;
/*!50003 SET @saved_col_connection = @@collation_connection */ ;
/*!50003 SET character_set_client  = gbk */ ;
/*!50003 SET character_set_results = gbk */ ;
/*!50003 SET collation_connection  = gbk_chinese_ci */ ;
/*!50003 SET @saved_sql_mode       = @@sql_mode */ ;
/*!50003 SET sql_mode              = 'ONLY_FULL_GROUP_BY,STRICT_TRANS_TABLES,NO_ZERO_IN_DATE,NO_ZERO_DATE,ERROR_FOR_DIVISION_BY_ZERO,NO_ENGINE_SUBSTITUTION' */ ;
DELIMITER ;;
/*!50003 CREATE*/ /*!50017 DEFINER=`root`@`localhost`*/ /*!50003 TRIGGER `update_grade_info` AFTER UPDATE ON `student` FOR EACH ROW BEGIN
    UPDATE Grade SET student_name = NEW.name WHERE student_id = NEW.student_id;
END */;;
DELIMITER ;
/*!50003 SET sql_mode              = @saved_sql_mode */ ;
/*!50003 SET character_set_client  = @saved_cs_client */ ;
/*!50003 SET character_set_results = @saved_cs_results */ ;
/*!50003 SET collation_connection  = @saved_col_connection */ ;
/*!50003 SET @saved_cs_client      = @@character_set_client */ ;
/*!50003 SET @saved_cs_results     = @@character_set_results */ ;
/*!50003 SET @saved_col_connection = @@collation_connection */ ;
/*!50003 SET character_set_client  = gbk */ ;
/*!50003 SET character_set_results = gbk */ ;
/*!50003 SET collation_connection  = gbk_chinese_ci */ ;
/*!50003 SET @saved_sql_mode       = @@sql_mode */ ;
/*!50003 SET sql_mode              = 'ONLY_FULL_GROUP_BY,STRICT_TRANS_TABLES,NO_ZERO_IN_DATE,NO_ZERO_DATE,ERROR_FOR_DIVISION_BY_ZERO,NO_ENGINE_SUBSTITUTION' */ ;
DELIMITER ;;
/*!50003 CREATE*/ /*!50017 DEFINER=`root`@`localhost`*/ /*!50003 TRIGGER `delete_grade_info` AFTER DELETE ON `student` FOR EACH ROW BEGIN
    DELETE FROM Grade WHERE student_id = OLD.student_id;
END */;;
DELIMITER ;
/*!50003 SET sql_mode              = @saved_sql_mode */ ;
/*!50003 SET character_set_client  = @saved_cs_client */ ;
/*!50003 SET character_set_results = @saved_cs_results */ ;
/*!50003 SET collation_connection  = @saved_col_connection */ ;
/*!40103 SET TIME_ZONE=@OLD_TIME_ZONE */;

/*!40101 SET SQL_MODE=@OLD_SQL_MODE */;
/*!40014 SET FOREIGN_KEY_CHECKS=@OLD_FOREIGN_KEY_CHECKS */;
/*!40014 SET UNIQUE_CHECKS=@OLD_UNIQUE_CHECKS */;
/*!40101 SET CHARACTER_SET_CLIENT=@OLD_CHARACTER_SET_CLIENT */;
/*!40101 SET CHARACTER_SET_RESULTS=@OLD_CHARACTER_SET_RESULTS */;
/*!40101 SET COLLATION_CONNECTION=@OLD_COLLATION_CONNECTION */;
/*!40111 SET SQL_NOTES=@OLD_SQL_NOTES */;

-- Dump completed on 2024-06-03 22:45:53
